Const,Title,imdb_genres
tt27847051,The Secret Agent,"Crime, Drama, Mystery"
tt2935510,Ad Astra,"Adventure, Drama, Mystery"
tt30343021,Song Sung Blue,"Biography, Drama, History"
tt14205554,KPop Demon Hunters,"Animation, Action, Adventure"
tt21103218,The Lost Bus,"Biography, Drama, History"
tt6263850,Deadpool & Wolverine,"Action, Adventure, Comedy"
tt15498808,Samuel,"Animation, Comedy, Drama"
tt31590095,For Worse,"Comedy, Romance"
tt13287846,Napoleon,"Action, Adventure, Biography"
tt29768334,Train Dreams,Drama
tt4154796,Avengers: Endgame,"Action, Adventure, Sci-Fi"
tt8946378,Knives Out,"Comedy, Crime, Drama"
tt0096874,Back to the Future Part II,"Adventure, Comedy, Sci-Fi"
tt8398600,After Life,"Comedy, Drama"
tt14142060,Rental Family,"Comedy, Drama"
tt14905854,Hamnet,"Biography, Drama, History"
tt0082971,Raiders of the Lost Ark,"Action, Adventure"
tt16277242,Society of the Snow,"Adventure, Biography, Drama"
tt24950660,Eternity,"Comedy, Drama, Fantasy"
tt0877057,Death Note,"Animation, Crime, Drama"
tt13833688,The Whale,Drama
tt39049192,Even if This Love Disappears from the World Tonight,"Drama, Romance"
tt27543632,The Housemaid,"Drama, Mystery, Thriller"
tt32916440,Marty Supreme,"Drama, Sport"
tt14107334,The Running Man,"Action, Adventure, Sci-Fi"
tt2545428,Meru,"Documentary, Sport"
tt12908150,The Life of Chuck,"Drama, Fantasy, Sci-Fi"
tt17526714,The Substance,"Drama, Horror, Sci-Fi"
tt9214772,Monkey Man,"Action, Crime, Thriller"
tt12300742,Bugonia,"Comedy, Crime, Sci-Fi"
tt6604188,Tron: Ares,"Action, Adventure, Sci-Fi"
tt0416449,300.0,"Action, Drama"
tt0371746,Iron Man,"Action, Adventure, Sci-Fi"
tt39307872,One Last Adventure: The Making of Stranger Things 5,Documentary
tt22740896,People We Meet on Vacation,Romance
tt14152140,Darlings,"Comedy, Drama, Thriller"
tt30144839,One Battle After Another,"Action, Crime, Drama"
tt0099487,Edward Scissorhands,"Drama, Fantasy, Romance"
tt0038650,It's a Wonderful Life,"Drama, Family, Fantasy"
tt14364480,Wake Up Dead Man,"Comedy, Crime, Drama"
tt15732324,OMG 2,"Comedy, Drama"
tt2283748,OMG: Oh My God!,"Comedy, Drama, Fantasy"
tt6967980,Seeking True Love,"Comedy, Romance"
tt4535650,Dilwale,"Action, Comedy, Drama"
tt10895576,Mimi,"Comedy, Drama"
tt20221436,Emilia Pérez,"Crime, Drama, Musical"
tt31998881,Oh. What. Fun.,Comedy
tt2181931,English Vinglish,"Comedy, Drama, Family"
tt23849204,12th Fail,"Biography, Drama"
tt9218128,Gladiator II,"Action, Adventure, Drama"
tt0172495,Gladiator,"Action, Adventure, Drama"
tt2806788,Fukrey,"Comedy, Drama, Romance"
tt6225520,The Man Who Invented Christmas,"Biography, Comedy, Drama"
tt11934846,Badhaai Do,"Comedy, Drama, Romance"
tt21626284,Lost Ladies,"Comedy, Drama"
tt24852126,Jingle Bell Heist,"Comedy, Crime, Romance"
tt0072777,Chhoti Si Baat,"Comedy, Romance"
tt31973693,The Roses,Comedy
tt35600079,A Very Jonas Christmas Movie,"Comedy, Drama, Musical"
tt38608937,One Shot with Ed Sheeran,Music
tt29567915,Nuremberg,"Biography, Drama, History"
tt5950044,Superman,"Action, Adventure, Sci-Fi"
tt34992378,A Merry Little Ex-Mas,Comedy
tt1312221,Frankenstein,"Drama, Fantasy, Horror"
tt7725596,Badhaai Ho,"Comedy, Drama"
tt8332922,A Quiet Place Part II,"Drama, Horror, Sci-Fi"
tt6644200,A Quiet Place,"Drama, Horror, Sci-Fi"
tt7130300,The Woman in Cabin 10,"Drama, Mystery, Thriller"
tt27075958,Fountain of Youth,"Action, Adventure, Fantasy"
tt0083866,E.T. the Extra-Terrestrial,"Adventure, Family, Sci-Fi"
tt3581932,And Then There Were None,"Crime, Drama, Mystery"
tt35520290,The Baltimorons,"Comedy, Drama, Romance"
tt37898320,aka Charlie Sheen,"Documentary, Biography"
tt2649356,Sharp Objects,"Crime, Drama, Mystery"
tt0209144,Memento,"Drama, Mystery, Thriller"
tt2350496,The Lunchbox,"Drama, Romance"
tt16431330,A Nice Indian Boy,"Comedy, Drama, Romance"
tt0155267,The Thomas Crown Affair,"Crime, Romance, Thriller"
tt12001534,The Thursday Murder Club,"Comedy, Crime, Mystery"
tt6341832,Oxygen,"Drama, Fantasy, Sci-Fi"
tt31956415,Freakier Friday,"Comedy, Family, Fantasy"
tt0120184,Sphere,"Mystery, Sci-Fi, Thriller"
tt0071315,Chinatown,"Drama, Mystery, Thriller"
tt31806037,Adolescence,"Crime, Drama, Thriller"
tt30988739,Black Bag,"Drama, Mystery, Romance"
tt31193180,Sinners,"Action, Drama, Horror"
tt0899043,The Amateur,"Action, Thriller"
tt32149847,Drop,"Drama, Mystery, Thriller"
tt29603959,Novocaine,"Action, Comedy, Crime"
tt10676052,The Fantastic Four: First Steps,"Action, Adventure, Sci-Fi"
tt6334354,The Suicide Squad,"Action, Adventure, Comedy"
tt9619824,Final Destination: Bloodlines,"Horror, Thriller"
tt14403504,Last Breath,"Drama, Thriller"
tt9032400,Eternals,"Action, Adventure, Fantasy"
tt31036941,Jurassic World: Rebirth,"Action, Adventure, Sci-Fi"
tt16311594,F1: The Movie,"Action, Drama, Sport"
tt0108358,Tombstone,"Biography, Drama, History"
tt0765429,American Gangster,"Biography, Crime, Drama"
tt0108052,Schindler's List,"Biography, Drama, History"
tt30253473,Materialists,"Comedy, Drama, Romance"
tt0892769,How to Train Your Dragon,"Animation, Action, Adventure"
tt31121295,Deep Cover,"Action, Comedy, Crime"
tt9603208,Mission: Impossible - The Final Reckoning,"Action, Adventure, Thriller"
tt14513804,Captain America: Brave New World,"Action, Adventure, Sci-Fi"
tt20969586,Thunderbolts*,"Action, Adventure, Crime"
tt11655566,Lilo & Stitch,"Action, Adventure, Comedy"
tt33088401,Dream Productions,"Animation, Adventure, Comedy"
tt1231587,Hot Tub Time Machine,"Comedy, Sci-Fi"
tt26584495,Companion,"Sci-Fi, Thriller"
tt14164922,Asterix & Obelix: The Big Fight,"Animation, Action, Adventure"
tt20214908,Another Simple Favor,"Comedy, Crime, Mystery"
tt7040874,A Simple Favor,"Comedy, Crime, Mystery"
tt7985704,Operation Fortune: Ruse de Guerre,"Action, Adventure, Comedy"
tt0099077,Awakenings,"Biography, Drama"
tt0071360,The Conversation,"Drama, Mystery, Thriller"
tt0313542,Runaway Jury,"Crime, Drama, Thriller"
tt0093260,Innerspace,"Action, Adventure, Comedy"
tt28015403,Heretic,"Horror, Thriller"
tt24176060,Queer,"Biography, Drama, History"
tt13186482,Mufasa: The Lion King,"Animation, Adventure, Drama"
tt0275847,Lilo & Stitch,"Animation, Adventure, Comedy"
tt1706620,Snowpiercer,"Action, Sci-Fi, Thriller"
tt7766378,The Electric State,"Action, Adventure, Comedy"
tt3263946,Trial by Fire,"Biography, Drama"
tt12299608,Mickey 17,"Adventure, Comedy, Fantasy"
tt14257582,Wolfs,"Comedy, Crime, Thriller"
tt16366836,Venom: The Last Dance,"Action, Fantasy, Horror"
tt7097896,Venom: Let There Be Carnage,"Action, Adventure, Crime"
tt11563598,A Complete Unknown,"Biography, Drama, Music"
tt23055660,Nickel Boys,Drama
tt20215234,Conclave,"Drama, Thriller"
tt13654226,The Gorge,"Action, Adventure, Horror"
tt1896747,Fly Me to the Moon,"Comedy, Romance"
tt10919420,Squid Game,"Action, Crime, Drama"
tt16419074,Air,"Drama, Sport"
tt28607951,Anora,"Comedy, Drama, Romance"
tt9419884,Doctor Strange in the Multiverse of Madness,"Action, Adventure, Fantasy"
tt18272208,Here,Drama
tt3864060,Unstoppable,"Drama, Sport"
tt1726592,Before I Go to Sleep,"Drama, Mystery, Thriller"
tt27657135,Saturday Night,"Biography, Comedy, Drama"
tt8999762,The Brutalist,Drama
tt14948432,Red One,"Action, Adventure, Comedy"
tt14858658,Blink Twice,"Mystery, Thriller"
tt21191806,Back in Action,"Action, Comedy"
tt21823606,A Real Pain,"Comedy, Drama"
tt0195685,Erin Brockovich,"Biography, Drama"
tt6166392,Wonka,"Adventure, Comedy, Family"
tt1262426,Wicked,"Fantasy, Musical, Romance"
tt12810074,Nightbitch,"Comedy, Drama, Fantasy"
tt26753003,Trap,"Crime, Horror, Mystery"
tt27403986,Juror #2,"Crime, Drama, Mystery"
tt21382296,Carry-On,"Action, Crime, Thriller"
tt31022050,Our Little Secret,"Comedy, Romance"
tt14855468,That Christmas,"Animation, Adventure, Comedy"
tt26420234,Music by John Williams,"Documentary, Biography, Music"
tt10855768,Missing,"Drama, Mystery, Thriller"
tt20234774,Wicked Little Letters,"Biography, Comedy, Crime"
tt33395815,An Almost Christmas Story,"Animation, Short, Adventure"
tt32359447,Hot Frosty,"Comedy, Fantasy, Romance"
tt23778968,Thelma,"Action, Comedy"
tt23841116,Adrianne & the Castle,Documentary
tt12584954,Twisters,"Action, Adventure, Thriller"
tt27131358,We Live in Time,"Drama, Romance"
tt3581920,The Last of Us,"Action, Adventure, Drama"
tt20502488,Meet Me Next Christmas,"Comedy, Romance"
tt0443465,Before We Go,"Comedy, Drama, Romance"
tt0241303,Chocolat,"Drama, Romance"
tt2906216,Dungeons & Dragons: Honor Among Thieves,"Action, Adventure, Comedy"
tt0083806,Deathtrap,"Comedy, Crime, Drama"
tt18559464,My Old Ass,"Comedy, Drama, Romance"
tt0367594,Charlie and the Chocolate Factory,"Adventure, Comedy, Family"
tt0405508,Rang De Basanti,"Comedy, Crime, Drama"
tt0407887,The Departed,"Crime, Drama, Thriller"
tt20194882,Lonely Planet,"Drama, Romance"
tt23770030,Memoir of a Snail,"Animation, Drama"
tt0084787,The Thing,"Horror, Mystery, Sci-Fi"
tt1130884,Shutter Island,"Drama, Mystery, Thriller"
tt0073195,Jaws,"Adventure, Horror, Thriller"
tt7737800,Woman of the Hour,"Crime, Drama, Mystery"
tt26933824,Nobody Wants This,"Comedy, Drama, Romance"
tt14577874,It's What's Inside,"Comedy, Mystery, Sci-Fi"
tt0120791,Practical Magic,"Comedy, Drama, Fantasy"
tt27902121,Super/Man: The Christopher Reeve Story,"Documentary, Biography"
tt0087800,A Nightmare on Elm Street,Horror
tt2345759,The Mummy,"Action, Adventure, Fantasy"
tt13405810,Quiz Lady,Comedy
tt1660648,Ricky Stanicky,Comedy
tt0435761,Toy Story 3,"Animation, Adventure, Comedy"
tt10767052,Next Goal Wins,"Comedy, Drama, Sport"
tt0356470,A Cinderella Story,"Comedy, Family, Romance"
tt0120363,Toy Story 2,"Animation, Adventure, Comedy"
tt21051906,A Family Affair,"Comedy, Drama, Romance"
tt23289160,Godzilla Minus One,"Action, Adventure, Drama"
tt0379725,Capote,"Biography, Crime, Drama"
tt11080108,The Map of Tiny Perfect Things,"Comedy, Fantasy, Romance"
tt0361841,Little Black Book,"Comedy, Drama, Romance"
tt20215968,Hit Man,"Comedy, Crime, Romance"
tt22022452,Inside Out 2,"Animation, Adventure, Comedy"
tt9466114,The Idea of You,"Comedy, Drama, Music"
tt1058017,The Invention of Lying,"Comedy, Fantasy, Romance"
tt3758542,Ferrari,"Biography, Drama, History"
tt2183014,Love at First Sight,"Drama, Romance"
tt2582846,The Fault in Our Stars,"Drama, Romance"
tt3719896,My All-American,"Biography, Drama, Sport"
tt21064584,The Iron Claw,"Biography, Drama, Sport"
tt21276958,Babes,Comedy
tt17279496,Civil War,"Action, Thriller, War"
tt11152168,IF,"Animation, Comedy, Drama"
tt16426418,Challengers,"Comedy, Drama, Romance"
tt0758752,Love & Other Drugs,"Comedy, Drama, Romance"
tt1684562,The Fall Guy,"Action, Comedy, Drama"
tt26047818,Anyone But You,"Comedy, Romance"
tt0092513,Adventures in Babysitting,"Adventure, Comedy, Crime"
tt21942866,Dream Scenario,"Comedy, Drama, Fantasy"
tt9185206,"Are You There God? It's Me, Margaret.","Comedy, Drama, Family"
tt5027774,"Three Billboards Outside Ebbing, Missouri","Comedy, Crime, Drama"
tt0482571,The Prestige,"Drama, Mystery, Sci-Fi"
tt5177120,The Ministry of Ungentlemanly Warfare,"Action, Comedy, War"
tt21279806,Scoop,"Biography, Drama"
tt15009428,Argylle,"Action, Comedy, Thriller"
tt13745850,The Last Thing He Told Me,"Drama, Mystery, Thriller"
tt0871510,Chak De! India,"Drama, Family, Sport"
tt21740488,Little Death,"Comedy, Drama"
tt10676048,The Marvels,"Action, Adventure, Sci-Fi"
tt0337741,Something's Gotta Give,"Comedy, Drama, Romance"
tt21235248,Ghostbusters: Frozen Empire,"Adventure, Comedy, Fantasy"
tt7775720,Spoiler Alert,"Comedy, Drama, Romance"
tt13651794,May December,"Comedy, Drama"
tt21957774,Irish Wish,"Comedy, Fantasy, Romance"
tt15239678,Dune: Part Two,"Action, Adventure, Drama"
tt15078804,Problemista,Comedy
tt13452446,Damsel,"Action, Adventure, Fantasy"
tt15258106,Arctic Ascent with Alex Honnold,"Documentary, Adventure"
tt14230458,Poor Things,"Comedy, Drama, Romance"
tt7160372,The Zone of Interest,"Drama, History, War"
tt23561236,American Fiction,"Comedy, Drama"
tt17009710,Anatomy of a Fall,"Crime, Drama, Mystery"
tt13238346,Past Lives,"Drama, Romance"
tt0092890,Dirty Dancing,"Drama, Music, Romance"
tt15789038,Elemental,"Animation, Adventure, Comedy"
tt5537002,Killers of the Flower Moon,"Crime, Drama, History"
tt22687790,A Haunting in Venice,"Crime, Drama, Horror"
tt5535276,Maestro,"Biography, Drama, History"
tt14849194,The Holdovers,"Comedy, Drama"
tt0816692,Interstellar,"Adventure, Drama, Sci-Fi"
tt0246460,Die Another Day,"Action, Adventure, Thriller"
tt16968450,The Wonderful Story of Henry Sugar,"Short, Adventure, Comedy"
tt28912758,The Swan,"Short, Comedy, Drama"
tt28912858,The Rat Catcher,"Short, Comedy"
tt28912885,Poison,"Short, Comedy, Drama"
tt4857264,The Invisible Guest,"Crime, Drama, Mystery"
tt9140554,Loki,"Action, Adventure, Fantasy"
tt21328106,Candy Cane Lane,"Comedy, Family, Fantasy"
tt13430858,What's Love Got to Do with It?,"Comedy, Drama, Romance"
tt0088258,This Is Spinal Tap,"Comedy, Music"
tt14993250,Rocky Aur Rani Kii Prem Kahaani,"Comedy, Drama, Family"
tt15354916,Jawan,"Action, Crime, Drama"
tt1922777,Sinister,"Horror, Mystery, Thriller"
tt7784604,Hereditary,"Drama, Horror, Mystery"
tt1695843,Haunted Mansion,"Comedy, Drama, Family"
tt17527468,Bottoms,Comedy
tt1175709,All Good Things,"Crime, Drama, Mystery"
tt1230414,It's Complicated,"Comedy, Drama, Romance"
tt4495098,Gran Turismo,"Action, Adventure, Drama"
tt0095159,A Fish Called Wanda,"Comedy, Crime"
tt10276482,Love Again,"Comedy, Drama, Romance"
tt0439572,The Flash,"Action, Adventure, Fantasy"
tt21276878,You Are So Not Invited to My Bat Mitzvah,Comedy
tt15398776,Oppenheimer,"Biography, Drama, History"
tt12758060,Tetris,"Biography, Drama, History"
tt19770238,Aftersun,Drama
tt24132732,The Deepest Breath,"Documentary, Adventure, Sport"
tt1517268,Barbie,"Adventure, Comedy, Fantasy"
tt1869454,Good Omens,"Comedy, Drama, Fantasy"
tt12024308,Wildflower,"Comedy, Drama"
tt9603212,Mission: Impossible - Dead Reckoning Part One,"Action, Adventure, Thriller"
tt11274492,The Out-Laws,"Action, Comedy, Crime"
tt21030146,Secret Chef,"Game-Show, Reality-TV"
tt0103776,Batman Returns,"Action, Crime, Fantasy"
tt8105234,Flamin' Hot,"Biography, Drama, History"
tt17663992,Scream VI,"Horror, Mystery, Thriller"
tt1462764,Indiana Jones and the Dial of Destiny,"Action, Adventure, Sci-Fi"
tt2139881,Long Shot,"Comedy, Romance"
tt4633694,Spider-Man: Into the Spider-Verse,"Animation, Action, Adventure"
tt9362722,Spider-Man: Across the Spider-Verse,"Animation, Action, Adventure"
tt10857164,Ms. Marvel,"Action, Adventure, Comedy"
tt0120783,The Parent Trap,"Adventure, Comedy, Drama"
tt0480242,Dan in Real Life,"Comedy, Drama, Romance"
tt6462958,I Want You Back,"Comedy, Romance"
tt5151570,Mrs. Harris Goes to Paris,"Comedy, Drama"
tt12263384,Extraction II,"Action, Crime, Thriller"
tt8936646,Extraction,"Action, Crime, Thriller"
tt15671028,No Hard Feelings,"Comedy, Romance"
tt4481414,Gifted,Drama
tt5971474,The Little Mermaid,"Adventure, Family, Fantasy"
tt0382932,Ratatouille,"Animation, Adventure, Comedy"
tt25363184,Stan Lee,"Documentary, Biography"
tt11823076,Tiger King,"Documentary, Biography, Crime"
tt0119528,Liar Liar,"Comedy, Fantasy"
tt5278506,Tickled,"Documentary, Crime, Mystery"
tt10954600,Ant-Man and the Wasp: Quantumania,"Action, Adventure, Comedy"
tt19853258,Still: A Michael J. Fox Movie,"Documentary, Biography"
tt6791350,Guardians of the Galaxy Vol. 3,"Action, Adventure, Comedy"
tt12193804,Whitney Houston: I Wanna Dance with Somebody,"Biography, Drama, History"
tt0096895,Batman,"Action, Adventure"
tt1630029,Avatar: The Way of Water,"Animation, Action, Adventure"
tt1564367,Just Go with It,"Comedy, Romance"
tt7518786,'83,"Drama, History, Sport"
tt15326988,Ghosted,"Action, Adventure, Comedy"
tt4154664,Captain Marvel,"Action, Adventure, Sci-Fi"
tt24141700,Pretty Baby: Brooke Shields,"Documentary, Biography"
tt6718170,The Super Mario Bros. Movie,"Animation, Adventure, Comedy"
tt15255288,Murder Mystery 2,"Action, Adventure, Comedy"
tt0799934,Be Kind Rewind,Comedy
tt0094226,The Untouchables,"Crime, Drama, Thriller"
tt0384793,Accepted,Comedy
tt0478311,Knocked Up,"Comedy, Romance"
tt1155056,"I Love You, Man","Comedy, Romance"
tt10640346,Babylon,"Comedy, Drama"
tt10731256,Don't Worry Darling,"Drama, Mystery, Thriller"
tt7975244,Jumanji: The Next Level,"Action, Adventure, Comedy"
tt13111040,The Offer,"Biography, Crime, Drama"
tt3799694,The Nice Guys,"Action, Comedy, Crime"
tt9198364,Three Thousand Years of Longing,"Drama, Fantasy, Romance"
tt3783958,La La Land,"Comedy, Drama, Music"
tt13669038,Women Talking,Drama
tt7322224,Triangle of Sadness,"Comedy, Drama"
tt0120616,The Mummy,"Action, Adventure, Fantasy"
tt1016150,All Quiet on the Western Front,"Drama, History, War"
tt0266543,Finding Nemo,"Animation, Adventure, Comedy"
tt0079116,Escape from Alcatraz,"Biography, Crime, Drama"
tt7798604,We Have a Ghost,"Adventure, Comedy, Family"
tt0112870,Dilwale Dulhania Le Jayenge,"Drama, Romance"
tt14208870,The Fabelmans,Drama
tt0077631,Grease,"Comedy, Musical, Romance"
tt12823454,Your Place or Mine,"Comedy, Romance"
tt1950186,Ford v Ferrari,"Action, Biography, Drama"
tt9686790,Shotgun Wedding,"Action, Comedy, Romance"
tt8962124,Emily in Paris,"Comedy, Drama, Romance"
tt14444726,Tár,"Drama, Music"
tt12003946,Violent Night,"Action, Comedy, Thriller"
tt0098258,Say Anything,"Comedy, Drama, Romance"
tt4686844,The Death of Stalin,"Comedy, Drama, History"
tt0151804,Office Space,Comedy
tt11291274,The Unbearable Weight of Massive Talent,"Action, Comedy, Crime"
tt11976532,Vengeance,"Comedy, Music, Mystery"
tt11813216,The Banshees of Inisherin,"Comedy, Drama"
tt1488589,Guillermo del Toro's Pinocchio,"Animation, Adventure, Drama"
tt11198810,She Said,"Crime, Drama, History"
tt0477347,Night at the Museum,"Adventure, Comedy, Family"
tt7405458,A Man Called Otto,"Comedy, Drama"
tt22667880,"The Boy, the Mole, the Fox and the Horse","Animation, Short, Adventure"
tt0088930,Clue,"Comedy, Crime, Mystery"
tt14109724,Ticket to Paradise,"Comedy, Drama, Romance"
tt14456350,About Fate,"Comedy, Romance"
tt12593682,Bullet Train,"Action, Comedy, Thriller"
tt11564570,Glass Onion,"Comedy, Crime, Drama"
tt0314331,Love Actually,"Comedy, Drama, Romance"
tt6443346,Black Adam,"Action, Adventure, Fantasy"
tt1430607,Arthur Christmas,"Animation, Adventure, Comedy"
tt16233952,Something from Tiffany's,"Comedy, Family, Romance"
tt0304669,The Santa Clause 2,"Comedy, Family, Fantasy"
tt9764362,The Menu,"Comedy, Horror, Thriller"
tt0111070,The Santa Clause,"Comedy, Drama, Family"
tt3640424,Allied,"Action, Drama, Romance"
tt13623136,The Guardians of the Galaxy Holiday Special,"Action, Adventure, Comedy"
tt17220704,A Christmas Story Christmas,"Comedy, Family"
tt10999120,Spirited,"Comedy, Family, Fantasy"
tt0085334,A Christmas Story,"Comedy, Family"
tt0369436,Four Christmases,"Comedy, Drama, Romance"
tt9411972,Where the Crawdads Sing,"Drama, Mystery, Romance"
tt14641788,Enola Holmes 2,"Action, Adventure, Crime"
tt14715170,Falling for Christmas,"Comedy, Romance"
tt9114286,Black Panther: Wakanda Forever,"Action, Adventure, Drama"
tt15334032,Raymond & Ray,"Comedy, Drama"
tt11198330,House of the Dragon,"Action, Adventure, Drama"
tt4123432,Fantastic Beasts: The Secrets of Dumbledore,"Adventure, Fantasy"
tt1245492,This Is the End,"Comedy, Fantasy, Sci-Fi"
tt5198068,Wolfwalkers,"Animation, Action, Adventure"
tt7349950,It: Chapter Two,"Drama, Fantasy, Horror"
tt1396484,It,Horror
tt1777606,Rosaline,"Comedy, Romance"
tt0144084,American Psycho,"Crime, Drama, Horror"
tt15318872,Werewolf by Night,"Action, Drama, Fantasy"
tt4595186,Luckiest Girl Alive,"Drama, Mystery, Thriller"
tt10268488,The Greatest Beer Run Ever,"Adventure, Comedy, Drama"
tt8009428,Hustle,"Comedy, Drama, Sport"
tt2980592,The Guest,"Action, Mystery, Thriller"
tt11909878,Hocus Pocus 2,"Comedy, Family, Fantasy"
tt10687116,Entergalactic,"Animation, Comedy, Music"
tt8912936,DC League of Super-Pets,"Animation, Action, Adventure"
tt0107120,Hocus Pocus,"Comedy, Family, Fantasy"
tt12262116,Thirteen Lives,"Biography, Drama, Thriller"
tt11691774,Only Murders in the Building,"Comedy, Crime, Drama"
tt4698684,Hunt for the Wilderpeople,"Adventure, Comedy, Drama"
tt14114802,The Outfit,"Crime, Drama, Mystery"
tt13640696,See How They Run,"Comedy, Crime, Mystery"
tt13327038,Do Revenge,"Comedy, Drama, Romance"
tt0461770,Enchanted,"Animation, Adventure, Comedy"
tt9639470,Last Night in Soho,"Drama, Horror, Mystery"
tt3704428,Elvis,"Biography, Drama, Music"
tt1234721,RoboCop,"Action, Crime, Sci-Fi"
tt0101862,Father of the Bride,"Comedy, Family, Romance"
tt1694423,MasterChef USA,"Game-Show, Reality-TV"
tt0499549,Avatar,"Action, Adventure, Fantasy"
tt6710474,Everything Everywhere All at Once,"Action, Adventure, Comedy"
tt11083552,Wrath of Man,"Action, Crime, Thriller"
tt10298810,Lightyear,"Animation, Action, Adventure"
tt11866324,Prey,"Action, Adventure, Horror"
tt2179136,American Sniper,"Action, Biography, Drama"
tt6048922,Greyhound,"Drama, History, War"
tt10370710,The Worst Person in the World,"Comedy, Drama, Romance"
tt0386676,The Office,Comedy
tt0409459,Watchmen,"Action, Drama, Mystery"
tt15325794,Fall,"Action, Thriller"
tt5013056,Dunkirk,"Action, Drama, History"
tt1998372,Under the Banner of Heaven,"Crime, Drama, Mystery"
tt10954984,Nope,"Horror, Mystery, Sci-Fi"
tt0134119,The Talented Mr. Ripley,"Crime, Drama, Thriller"
tt0086567,WarGames,"Action, Drama, Sci-Fi"
tt5034838,Godzilla vs. Kong,"Action, Sci-Fi, Thriller"
tt0104348,Glengarry Glen Ross,"Crime, Drama, Mystery"
tt11245972,Scream,"Horror, Mystery, Thriller"
tt0116629,Independence Day,"Action, Adventure, Sci-Fi"
tt1856101,Blade Runner 2049,"Action, Drama, Mystery"
tt1464335,Uncharted,"Action, Adventure"
tt1649418,The Gray Man,"Action, Mystery, Thriller"
tt0388644,The Staircase,"Documentary, Crime, Drama"
tt10648342,Thor: Love and Thunder,"Action, Adventure, Comedy"
tt2866360,Coherence,"Mystery, Sci-Fi, Thriller"
tt11671006,The Man from Toronto,"Action, Adventure, Comedy"
tt2304589,Defending Jacob,"Crime, Drama, Mystery"
tt0128853,You've Got Mail,"Comedy, Drama, Romance"
tt0783233,Atonement,"Drama, Mystery, Romance"
tt0268978,A Beautiful Mind,"Biography, Drama, Mystery"
tt8041270,Jurassic World: Dominion,"Action, Adventure, Sci-Fi"
tt0790636,Dallas Buyers Club,"Biography, Drama"
tt1250777,Kick-Ass,"Action, Comedy, Crime"
tt5164214,Ocean's Eight,"Comedy, Crime, Thriller"
tt8385148,Hitman's Wife's Bodyguard,"Action, Comedy, Crime"
tt4701182,Bumblebee,"Action, Adventure, Sci-Fi"
tt0093779,The Princess Bride,"Adventure, Comedy, Family"
tt13320622,The Lost City,"Action, Adventure, Comedy"
tt5164432,"Love, Simon","Comedy, Drama, Romance"
tt0947798,Black Swan,"Drama, Thriller"
tt13640670,Man vs. Bee,"Short, Comedy, Family"
tt9783600,Spiderhead,"Action, Crime, Drama"
tt8466564,Obi-Wan Kenobi,"Action, Adventure, Sci-Fi"
tt2126355,San Andreas,"Action, Adventure, Thriller"
tt1483013,Oblivion,"Action, Adventure, Sci-Fi"
tt0104257,A Few Good Men,"Drama, Thriller"
tt13352968,"Good Luck to You, Leo Grande","Comedy, Drama"
tt2278388,The Grand Budapest Hotel,"Comedy, Drama"
tt0086200,Risky Business,"Comedy, Crime, Drama"
tt0098635,When Harry Met Sally...,"Comedy, Drama, Romance"
tt19704638,Our Father,"Documentary, Crime"
tt1745960,Top Gun: Maverick,"Action, Drama"
tt1434447,Rocket Singh: Salesman of the Year,"Comedy, Drama"
tt1877830,The Batman,"Action, Crime, Drama"
tt10234724,Moon Knight,"Action, Adventure, Fantasy"
tt4123430,Fantastic Beasts: The Crimes of Grindelwald,"Adventure, Family, Fantasy"
tt7126948,Wonder Woman 1984,"Action, Adventure, Fantasy"
tt6111574,The Woman in the Window,"Crime, Drama, Mystery"
tt0111161,The Shawshank Redemption,Drama
tt0286716,Hulk,"Action, Sci-Fi"
tt0800080,The Incredible Hulk,"Action, Adventure, Sci-Fi"
tt9059760,Normal People,"Drama, Romance"
tt3397884,Sicario,"Action, Crime, Drama"
tt13403046,Fresh,"Comedy, Horror, Romance"
tt10366460,CODA,"Comedy, Drama, Music"
tt11286314,Don't Look Up,"Comedy, Drama, Sci-Fi"
tt11271038,Licorice Pizza,"Comedy, Drama, Romance"
tt1905041,Fast & Furious 6,"Action, Thriller"
tt0405159,Million Dollar Baby,"Drama, Sport"
tt5433138,F9: The Fast Saga,"Action, Crime, Thriller"
tt2180339,Deep Water,"Crime, Drama, Mystery"
tt3526078,Schitt's Creek,Comedy
tt0332280,The Notebook,"Drama, Romance"
tt5555260,This Is Us,"Comedy, Drama, Romance"
tt1160419,Dune: Part One,"Action, Adventure, Drama"
tt2463208,The Adam Project,"Action, Adventure, Comedy"
tt12801262,Luca,"Animation, Adventure, Comedy"
tt8097030,Turning Red,"Animation, Adventure, Comedy"
tt6856242,The King's Man,"Action, Adventure, Thriller"
tt12789558,Belfast,"Biography, Drama"
tt11893274,Downfall: The Case Against Boeing,Documentary
tt3581652,West Side Story,"Crime, Drama, Musical"
tt2674426,Me Before You,"Drama, Romance"
tt5096470,Love Wedding Repeat,"Comedy, Romance"
tt1618434,Murder Mystery,"Crime, Mystery, Romance"
tt2442560,Peaky Blinders,"Crime, Drama"
tt7657566,Death on the Nile,"Crime, Drama, Mystery"
tt10293406,The Power of the Dog,"Drama, Western"
tt2953050,Encanto,"Animation, Comedy, Family"
tt8106534,6 Underground,"Action, Thriller"
tt9421570,The Guilty,"Crime, Drama, Thriller"
tt3488710,The Walk,"Adventure, Biography, Drama"
tt9098872,The Rescue,"Documentary, Action, Mystery"
tt0097958,National Lampoon's Christmas Vacation,Comedy
tt1878870,The Edge of Seventeen,"Comedy, Drama, Romance"
tt0103874,Dracula,"Fantasy, Horror, Romance"
tt8368512,The Courier,"Drama, History, Mystery"
tt7740496,Nightmare Alley,"Crime, Drama, Thriller"
tt16116174,Harry Potter 20th Anniversary: Return to Hogwarts,"Documentary, Family"
tt11337862,Friends: The Reunion,"Documentary, Biography, Comedy"
tt0289879,The Butterfly Effect,"Drama, Sci-Fi, Thriller"
tt3498820,Captain America: Civil War,"Action, Sci-Fi"
tt1302006,The Irishman,"Biography, Crime, Drama"
tt0112384,Apollo 13,"Adventure, Drama, History"
tt1631867,Edge of Tomorrow,"Action, Adventure, Sci-Fi"
tt1562872,Zindagi Na Milegi Dobara,"Comedy, Drama, Musical"
tt2582802,Whiplash,"Drama, Music"
tt1518542,Sarabhai V/S Sarabhai,Comedy
tt2381249,Mission: Impossible - Rogue Nation,"Action, Adventure, Thriller"
tt1229238,Mission: Impossible - Ghost Protocol,"Action, Adventure, Thriller"
tt0976026,Cheeni Kum,"Comedy, Drama, Romance"
tt0870154,Jungle Cruise,"Action, Adventure, Comedy"
tt0338013,Eternal Sunshine of the Spotless Mind,"Drama, Romance, Sci-Fi"
tt11540284,8-Bit Christmas,"Comedy, Family"
tt0066327,Santa Claus Is Comin' to Town,"Animation, Adventure, Comedy"
tt10160804,Hawkeye,"Action, Adventure, Crime"
tt10872600,Spider-Man: No Way Home,"Action, Adventure, Fantasy"
tt14315756,Single All the Way,"Comedy, Drama, Romance"
tt0319343,Elf,"Adventure, Comedy, Family"
tt10187208,A Boy Called Christmas,"Adventure, Drama, Family"
tt7991608,Red Notice,"Action, Comedy, Thriller"
tt0338348,The Polar Express,"Animation, Adventure, Family"
tt8721424,"tick, tick... BOOM!","Biography, Comedy, Drama"
tt9620288,King Richard,"Biography, Drama, Sport"
tt3480822,Black Widow,"Action, Adventure, Sci-Fi"
tt2097298,"McFarland, USA","Biography, Drama, Sport"
tt0993840,Army of the Dead,"Action, Adventure, Crime"
tt1070874,The Trial of the Chicago 7,"Drama, History, Thriller"
tt13024674,Army of Thieves,"Action, Comedy, Crime"
tt0067992,Willy Wonka & the Chocolate Factory,"Adventure, Comedy, Family"
tt0338094,The Haunted Mansion,"Comedy, Family, Fantasy"
tt1385826,The Adjustment Bureau,"Crime, Drama, Mystery"
tt5606664,Doctor Sleep,"Drama, Fantasy, Horror"
tt7668870,Searching,"Drama, Mystery, Thriller"
tt0454848,Inside Man,"Crime, Drama, Mystery"
tt2382320,No Time to Die,"Action, Adventure, Thriller"
tt9376612,Shang-Chi and the Legend of the Ten Rings,"Action, Adventure, Fantasy"
tt0415306,Talladega Nights: The Ballad of Ricky Bobby,"Comedy, Sport"
tt11852724,Stanley Tucci: Searching for Italy,"Documentary, Adventure"
tt9484998,Palm Springs,"Comedy, Fantasy, Mystery"
tt3495030,Dum Laga Ke Haisha,"Comedy, Drama, Romance"
tt3228774,Cruella,"Adventure, Comedy, Crime"
tt6264654,Free Guy,"Action, Adventure, Comedy"
tt10168312,What If...?,"Animation, Action, Adventure"
tt0106977,The Fugitive,"Action, Crime, Drama"
tt2397535,Predestination,"Action, Drama, Sci-Fi"
tt3896198,Guardians of the Galaxy Vol. 2,"Action, Adventure, Comedy"
tt0103064,Terminator 2: Judgment Day,"Action, Adventure, Sci-Fi"
tt2452244,Isn't It Romantic,"Comedy, Fantasy, Musical"
tt9777666,The Tomorrow War,"Action, Adventure, Drama"
tt8510382,High School Musical: The Musical: The Series,"Comedy, Drama, Musical"
tt1392214,Prisoners,"Crime, Drama, Mystery"
tt1321510,In the Heights,"Drama, Musical, Romance"
tt5109280,Raya and the Last Dragon,"Animation, Action, Adventure"
tt0258463,The Bourne Identity,"Action, Mystery, Thriller"
tt0107798,The Pelican Brief,"Crime, Drama, Mystery"
tt0118884,Contact,"Drama, Mystery, Sci-Fi"
tt9331982,The Imagineering Story,"Documentary, Adventure"
tt0107290,Jurassic Park,"Action, Adventure, Sci-Fi"
tt8760280,Finding You,"Comedy, Drama, Romance"
tt2235695,Rebecca,"Drama, Mystery, Romance"
tt7737786,Greenland,"Action, Adventure, Thriller"
tt1189340,The Lincoln Lawyer,"Crime, Drama, Mystery"
tt1453405,Monsters University,"Animation, Adventure, Comedy"
tt0198781,"Monsters, Inc.","Animation, Adventure, Comedy"
tt7979580,The Mitchells vs. the Machines,"Animation, Adventure, Comedy"
tt0042332,Cinderella,"Animation, Family, Fantasy"
tt0096754,The Abyss,"Adventure, Drama, Mystery"
tt10288566,Another Round,"Comedy, Drama"
tt9208876,The Falcon and the Winter Soldier,"Action, Adventure, Drama"
tt0758766,Music and Lyrics,"Comedy, Music, Romance"
tt9664108,Voyagers,"Adventure, Mystery, Sci-Fi"
tt3741700,Godzilla: King of the Monsters,"Action, Adventure, Fantasy"
tt2975590,Batman v Superman: Dawn of Justice,"Action, Adventure, Sci-Fi"
tt10986410,Ted Lasso,"Comedy, Drama, Sport"
tt12361974,Zack Snyder's Justice League,"Action, Adventure, Fantasy"
tt1083452,Eddie the Eagle,"Adventure, Biography, Comedy"
tt8637428,The Farewell,"Comedy, Drama"
tt9140560,WandaVision,"Action, Comedy, Drama"
tt1086064,Bill & Ted Face the Music,"Adventure, Comedy, Music"
tt12688688,Tiger,"Documentary, Biography, Sport"
tt11169050,Supernova,"Drama, Romance"
tt0352248,Cinderella Man,"Biography, Drama, Romance"
tt10016180,The Little Things,"Crime, Drama, Mystery"
tt0116209,The English Patient,"Drama, Romance, War"
tt3661210,The Dig,"Biography, Drama, History"
tt3731562,Kong: Skull Island,"Action, Adventure, Fantasy"
tt2584384,Jojo Rabbit,"Comedy, Drama, War"
tt0062622,2001: A Space Odyssey,"Adventure, Sci-Fi"
tt12873192,India from Above,Documentary
tt1327773,The Butler,"Biography, Drama"
tt0138524,Intolerable Cruelty,"Comedy, Crime, Romance"
tt0974015,Justice League,"Action, Adventure, Fantasy"
tt9606374,On the Rocks,"Comedy, Drama, Romance"
tt4779682,The Meg,"Action, Adventure, Horror"
tt1677720,Ready Player One,"Action, Adventure, Sci-Fi"
tt0039628,Miracle on 34th Street,"Comedy, Drama, Family"
tt9308382,The High Note,"Drama, Music, Romance"
tt10199914,The Boys in the Band,Drama
tt1907668,Flight,"Drama, Thriller"
tt1049413,Up,"Animation, Adventure, Comedy"
tt2948372,Soul,"Animation, Adventure, Comedy"
tt1375666,Inception,"Action, Adventure, Sci-Fi"
tt6723592,Tenet,"Action, Sci-Fi, Thriller"
tt11057644,The Christmas Chronicles: Part Two,"Adventure, Comedy, Family"
tt0099785,Home Alone,"Comedy, Family"
tt8522006,Happiest Season,"Comedy, Romance"
tt0457939,The Holiday,"Comedy, Romance"
tt0286788,What a Girl Wants,"Comedy, Drama, Family"
tt5097410,Noelle,"Comedy, Family, Fantasy"
tt2990140,The Christmas Chronicles,"Adventure, Comedy, Family"
tt9866072,Holidate,"Comedy, Romance"
tt11015214,Class Action Park,"Documentary, Crime"
tt0087332,Ghostbusters,"Action, Comedy, Fantasy"
tt5052448,Get Out,"Horror, Mystery, Thriller"
tt1259521,The Cabin in the Woods,"Horror, Mystery, Thriller"
tt13143964,Borat Subsequent Moviefilm,Comedy
tt0443453,Borat,Comedy
tt1409024,Men in Black³,"Action, Adventure, Comedy"
tt6473066,Clouds,"Biography, Drama, Music"
tt0094006,Some Kind of Wonderful,"Drama, Romance"
tt1051906,The Invisible Man,"Drama, Horror, Mystery"
tt8688634,21 Bridges,"Action, Adventure, Crime"
tt7846844,Enola Holmes,"Adventure, Crime, Drama"
tt0047396,Rear Window,"Drama, Mystery, Thriller"
tt0167261,The Lord of the Rings: The Two Towers,"Adventure, Drama, Fantasy"
tt4955642,The Good Place,"Comedy, Drama, Fantasy"
tt0051201,Witness for the Prosecution,"Crime, Drama, Mystery"
tt7798634,Ready or Not,"Action, Comedy, Horror"
tt8206668,Bad Education,"Biography, Comedy, Crime"
tt4566758,Mulan,"Action, Adventure, Drama"
tt6394270,Bombshell,"Biography, Drama"
tt8544498,The Way Back,"Drama, Sport"
tt2980648,The Hundred-Foot Journey,"Comedy, Drama"
tt0120737,The Lord of the Rings: The Fellowship of the Ring,"Adventure, Drama, Fantasy"
tt0795421,Mamma Mia!,"Comedy, Musical, Romance"
tt0126029,Shrek,"Animation, Adventure, Comedy"
tt0317219,Cars,"Animation, Adventure, Comedy"
tt8503618,Hamilton,"Biography, Drama, History"
tt0878804,The Blind Side,"Biography, Drama, Sport"
tt9243946,El Camino,"Crime, Drama, Thriller"
tt0119978,The Rainmaker,"Crime, Drama, Thriller"
tt3829868,Looking for Alaska,"Drama, Romance"
tt1454029,The Help,Drama
tt8760684,Apollo 11,"Documentary, History"
tt0120647,Deep Impact,"Action, Drama, Sci-Fi"
tt9612516,Space Force,Comedy
tt0448115,Shazam!,"Action, Adventure, Comedy"
tt1190634,The Boys,"Action, Comedy, Crime"
tt0119282,Hercules,"Animation, Action, Adventure"
tt5580266,The Hate U Give,"Crime, Drama"
tt8079248,Yesterday,"Comedy, Fantasy, Music"
tt7349662,BlacKkKlansman,"Biography, Comedy, Crime"
tt0257044,Road to Perdition,"Crime, Drama, Thriller"
tt5503686,Hustlers,"Comedy, Crime, Drama"
tt8404614,The Two Popes,"Biography, Drama"
tt0096928,Bill & Ted's Excellent Adventure,"Adventure, Comedy, Music"
tt0117887,That Thing You Do!,"Comedy, Drama, Music"
tt1598778,Contagion,"Drama, Thriller"
tt1981128,Geostorm,"Action, Sci-Fi, Thriller"
tt0147800,10 Things I Hate About You,"Comedy, Drama, Romance"
tt1135503,Julie & Julia,"Biography, Drama, Romance"
tt7775622,Free Solo,"Documentary, Adventure, Sport"
tt3881784,Stronger,"Biography, Drama"
tt2503944,Burnt,"Comedy, Drama"
tt1401152,Unknown,"Action, Mystery, Thriller"
tt1821694,RED 2,"Action, Comedy, Crime"
tt1981115,Thor: The Dark World,"Action, Adventure, Fantasy"
tt0311429,The League of Extraordinary Gentlemen,"Action, Adventure, Fantasy"
tt0338526,Van Helsing,"Action, Adventure, Fantasy"
tt4364194,The Peanut Butter Falcon,"Adventure, Comedy, Drama"
tt7366338,Chernobyl,"Drama, History, Thriller"
tt5687612,Fleabag,"Comedy, Drama"
tt2948356,Zootopia,"Animation, Action, Adventure"
tt1772341,Wreck-It Ralph,"Animation, Adventure, Comedy"
tt0088847,The Breakfast Club,"Comedy, Drama"
tt6266538,Vice,"Biography, Comedy, Drama"
tt4209788,Molly's Game,"Biography, Crime, Drama"
tt0210945,Remember the Titans,"Biography, Comedy, Drama"
tt4912910,Mission: Impossible - Fallout,"Action, Adventure, Thriller"
tt6320628,Spider-Man: Far from Home,"Action, Adventure, Comedy"
tt6285944,The Banker,"Biography, Drama"
tt0091042,Ferris Bueller's Day Off,Comedy
tt0454921,The Pursuit of Happyness,"Biography, Drama"
tt0114709,Toy Story,"Animation, Adventure, Comedy"
tt0109830,Forrest Gump,"Drama, Romance"
tt0103241,What About Bob?,Comedy
tt2096673,Inside Out,"Animation, Adventure, Comedy"
tt6450804,Terminator: Dark Fate,"Action, Adventure, Sci-Fi"
tt0398286,Tangled,"Animation, Adventure, Comedy"
tt7767422,Sex Education,"Comedy, Drama, Romance"
tt1675434,The Intouchables,"Comedy, Drama"
tt1489887,Booksmart,Comedy
tt0332379,School of Rock,"Comedy, Music"
tt5884052,Pokémon: Detective Pikachu,"Adventure, Comedy, Family"
tt0910970,WALL·E,"Animation, Adventure, Family"
tt0097757,The Little Mermaid,"Animation, Adventure, Family"
tt7146812,Onward,"Animation, Adventure, Comedy"
tt1285241,Don 2,"Action, Crime, Thriller"
tt0461936,Don,"Action, Crime, Thriller"
tt8367814,The Gentlemen,"Action, Comedy, Crime"
tt4916630,Just Mercy,"Biography, Crime, Drama"
tt8579674,1917.0,"Action, Drama, War"
tt6751668,Parasite,"Drama, Thriller"
tt0458339,Captain America: The First Avenger,"Action, Adventure, Sci-Fi"
tt7653254,Marriage Story,"Drama, Romance"
tt0810900,High School Musical 2,"Comedy, Drama, Family"
tt8111088,The Mandalorian,"Action, Adventure, Fantasy"
tt1255919,Holmes & Watson,"Comedy, Crime, Mystery"
tt0309698,Identity,"Mystery, Thriller"
tt0120762,Mulan,"Animation, Adventure, Comedy"
tt2527338,Star Wars: Episode IX - The Rise of Skywalker,"Action, Adventure, Fantasy"
tt3281548,Little Women,"Drama, Romance"
tt4520988,Frozen II,"Animation, Adventure, Comedy"
tt2283336,Men in Black: International,"Action, Adventure, Comedy"
tt0120912,Men in Black II,"Action, Adventure, Comedy"
tt0119654,Men in Black,"Action, Adventure, Comedy"
tt2709692,The Grinch,"Animation, Comedy, Family"
tt3224458,A Beautiful Day in the Neighborhood,"Biography, Drama, Family"
tt7131622,Once Upon a Time... in Hollywood,"Comedy, Drama"
tt0430634,Stick It,"Comedy, Drama, Sport"
tt2294629,Frozen,"Animation, Adventure, Comedy"
tt0107688,The Nightmare Before Christmas,"Animation, Adventure, Family"
tt4729430,Klaus,"Animation, Adventure, Comedy"
tt3920596,Big Little Lies,"Crime, Drama, Mystery"
tt0093748,"Planes, Trains & Automobiles","Comedy, Drama"
tt8262802,The Holiday Calendar,"Drama, Fantasy, Romance"
tt8623904,Last Christmas,"Comedy, Drama, Fantasy"
tt0081505,The Shining,"Drama, Horror"
tt0094137,Three Men and a Baby,"Comedy, Drama, Family"
tt0481141,No Reservations,"Comedy, Drama, Romance"
tt1454468,Gravity,"Drama, Sci-Fi, Thriller"
tt1560220,Zombieland: Double Tap,"Action, Comedy, Horror"
tt7286456,Joker,"Crime, Drama, Thriller"
tt3846674,To All the Boys I've Loved Before,"Comedy, Drama, Romance"
tt2066051,Rocketman,"Biography, Drama, Music"
tt9358228,Untouchable,"Documentary, Biography, Crime"
tt8130968,Badla,"Crime, Drama, Mystery"
tt0852713,The House Bunny,Comedy
tt0093010,Fatal Attraction,"Drama, Thriller"
tt6806448,Fast & Furious Presents: Hobbs & Shaw,"Action, Adventure, Thriller"
tt6105098,The Lion King,"Animation, Adventure, Drama"
tt2883512,Chef,"Adventure, Comedy, Drama"
tt1979376,Toy Story 4,"Animation, Adventure, Comedy"
tt0383216,The Pink Panther,"Adventure, Comedy, Crime"
tt1411238,No Strings Attached,"Comedy, Romance"
tt1673434,The Twilight Saga: Breaking Dawn - Part 2,"Adventure, Drama, Fantasy"
tt1324999,The Twilight Saga: Breaking Dawn - Part 1,"Adventure, Drama, Fantasy"
tt2085059,Black Mirror,"Crime, Drama, Mystery"
tt6628394,Bad Times at the El Royale,"Crime, Drama, Mystery"
tt0361748,Inglourious Basterds,"Adventure, Drama, War"
tt6139732,Aladdin,"Adventure, Comedy, Family"
tt0944947,Game of Thrones,"Action, Adventure, Drama"
tt2798920,Annihilation,"Adventure, Drama, Horror"
tt1219289,Limitless,"Sci-Fi, Thriller"
tt0280707,Gosford Park,"Comedy, Drama, Mystery"
tt4881806,Jurassic World: Fallen Kingdom,"Action, Adventure, Sci-Fi"
tt3460252,The Hateful Eight,"Crime, Drama, Mystery"
tt0063404,Padosan,"Comedy, Musical, Romance"
tt0988045,Sherlock Holmes,"Action, Adventure, Mystery"
tt1515091,Sherlock Holmes: A Game of Shadows,"Action, Adventure, Mystery"
tt2481498,"Extremely Wicked, Shockingly Evil and Vile","Biography, Crime, Drama"
tt1051904,Goosebumps,"Adventure, Comedy, Family"
tt3209826,Patel Ki Punjabi Shaadi,Comedy
tt1259571,The Twilight Saga: New Moon,"Adventure, Drama, Fantasy"
tt3159708,Welcome Back,"Action, Comedy, Crime"
tt0357413,Anchorman: The Legend of Ron Burgundy,Comedy
tt0290095,The Tuxedo,"Action, Comedy, Sci-Fi"
tt2194499,About Time,"Comedy, Drama, Fantasy"
tt0280720,The Guru,"Comedy, Music, Romance"
tt1279935,Date Night,"Comedy, Crime, Romance"
tt5712554,The Grand Tour,"Adventure, Comedy, Sport"
tt3045616,Mortdecai,"Action, Adventure, Comedy"
tt2084970,The Imitation Game,"Biography, Drama, Thriller"
tt3315342,Logan,"Action, Drama, Sci-Fi"
tt7098658,Raazi,"Action, Drama, Thriller"
tt0375912,Layer Cake,"Crime, Drama, Thriller"
tt0044079,Strangers on a Train,"Crime, Drama, Film-Noir"
tt0099088,Back to the Future Part III,"Adventure, Comedy, Sci-Fi"
tt0115685,The Birdcage,Comedy
tt0414982,Final Destination 3,"Horror, Thriller"
tt0195714,Final Destination,"Horror, Thriller"
tt0371724,The Hitchhiker's Guide to the Galaxy,"Adventure, Comedy, Sci-Fi"
tt3083008,The Program,"Biography, Drama, Sport"
tt6921996,Johnny English Strikes Again,"Action, Adventure, Comedy"
tt0167190,Hellboy,"Action, Adventure, Fantasy"
tt0114069,Outbreak,"Action, Drama, Thriller"
tt7493974,Bodyguard,"Crime, Drama, Mystery"
tt6077448,Sacred Games,"Action, Crime, Drama"
tt0118541,8 Heads in a Duffel Bag,"Adventure, Comedy, Crime"
tt0331632,Scooby-Doo 2: Monsters Unleashed,"Adventure, Comedy, Family"
tt7778680,Photograph,"Drama, Romance"
tt0276751,About a Boy,"Comedy, Drama, Romance"
tt0095031,Dirty Rotten Scoundrels,"Comedy, Crime"
tt3778644,Solo: A Star Wars Story,"Action, Adventure, Sci-Fi"
tt0111503,True Lies,"Action, Comedy, Thriller"
tt2854926,Tag,"Action, Comedy"
tt8108198,Andhadhun,"Crime, Mystery, Thriller"
tt1714832,Do Dooni Chaar,"Comedy, Crime, Drama"
tt0452623,Gone Baby Gone,"Crime, Drama, Mystery"
tt6452574,Sanju,"Biography, Comedy, Drama"
tt0437238,Hulchul,"Action, Comedy, Drama"
tt1477834,Aquaman,"Action, Adventure, Fantasy"
tt1638355,The Man from U.N.C.L.E.,"Action, Adventure, Comedy"
tt0381061,Casino Royale,"Action, Adventure, Thriller"
tt0240772,Ocean's Eleven,"Crime, Thriller"
tt0438488,Terminator Salvation,"Action, Adventure, Sci-Fi"
tt0313911,Agent Cody Banks,"Action, Adventure, Comedy"
tt0358349,Agent Cody Banks 2: Destination London,"Action, Adventure, Comedy"
tt0327437,Around the World in 80 Days,"Action, Adventure, Comedy"
tt4555426,Darkest Hour,"Biography, Drama, History"
tt0259711,Vanilla Sky,"Fantasy, Mystery, Romance"
tt2388771,Mowgli: Legend of the Jungle,"Adventure, Drama, Fantasy"
tt6966692,Green Book,"Biography, Comedy, Drama"
tt0078788,Apocalypse Now,"Drama, Mystery, War"
tt0119217,Good Will Hunting,"Drama, Romance"
tt0088247,The Terminator,"Action, Adventure, Sci-Fi"
tt0337978,Live Free or Die Hard,"Action, Thriller"
tt1632701,Suits,"Comedy, Drama"
tt1727824,Bohemian Rhapsody,"Biography, Drama, Music"
tt0216216,The 6th Day,"Action, Mystery, Sci-Fi"
tt2788432,American Crime Story,"Biography, Crime, Drama"
tt0477348,No Country for Old Men,"Crime, Drama, Thriller"
tt1213641,First Man,"Biography, Drama, History"
tt0815236,She's Out of My League,"Comedy, Romance"
tt1517451,A Star Is Born,"Drama, Music, Romance"
tt0099810,The Hunt for Red October,"Action, Adventure, Thriller"
tt4430212,Drishyam,"Crime, Drama, Mystery"
tt5270948,Chappaquiddick,"Biography, Drama, History"
tt1270797,Venom,"Action, Adventure, Sci-Fi"
tt5607096,"Juliet, Naked","Comedy, Drama, Music"
tt5074352,Dangal,"Action, Biography, Drama"
tt0116695,Jerry Maguire,"Comedy, Drama, Romance"
tt5208252,Operation Finale,"Biography, Drama, History"
tt5463162,Deadpool 2,"Action, Adventure, Comedy"
tt3104988,Crazy Rich Asians,"Comedy, Drama, Romance"
tt0368933,The Princess Diaries 2: Royal Engagement,"Comedy, Family, Romance"
tt0466460,Khosla Ka Ghosla!,"Comedy, Crime, Drama"
tt0468569,The Dark Knight,"Action, Crime, Drama"
tt0470752,Ex Machina,"Drama, Sci-Fi, Thriller"
tt5783956,When We First Met,"Comedy, Fantasy, Romance"
tt0389860,Click,"Comedy, Drama, Fantasy"
tt5095030,Ant-Man and the Wasp,"Action, Adventure, Comedy"
tt3521126,The Disaster Artist,"Biography, Comedy, Drama"
tt1590193,The Commuter,"Action, Mystery, Thriller"
tt5286444,Neerja,"Biography, Drama, Thriller"
tt1632708,Friends with Benefits,"Comedy, Romance"
tt0800039,Forgetting Sarah Marshall,"Comedy, Drama, Romance"
tt5362988,Wind River,"Crime, Drama, Mystery"
tt0859163,The Mummy: Tomb of the Dragon Emperor,"Action, Adventure, Fantasy"
tt0780536,In Bruges,"Comedy, Crime, Drama"
tt7363076,Raid,"Crime, Drama, Thriller"
tt1605783,Midnight in Paris,"Comedy, Fantasy, Romance"
tt0032138,The Wizard of Oz,"Adventure, Family, Fantasy"
tt4169250,M.S. Dhoni: The Untold Story,"Biography, Drama, Sport"
tt1392190,Mad Max: Fury Road,"Action, Adventure, Sci-Fi"
tt0120382,The Truman Show,"Comedy, Drama"
tt0086190,Star Wars: Episode VI - Return of the Jedi,"Action, Adventure, Fantasy"
tt3647998,Taboo,"Drama, Mystery, Thriller"
tt2446042,Taken 3,"Action, Crime, Thriller"
tt2140379,Self/less,"Action, Mystery, Sci-Fi"
tt0343660,50 First Dates,"Comedy, Drama, Romance"
tt3385516,X-Men: Apocalypse,"Action, Adventure, Sci-Fi"
tt0103772,Basic Instinct,"Drama, Mystery, Romance"
tt0420304,Viruddh... Family Comes First,"Drama, Family"
tt0431308,P.S. I Love You,"Comedy, Drama, Romance"
tt0265343,Monsoon Wedding,"Comedy, Drama, Romance"
tt0898266,The Big Bang Theory,"Comedy, Romance"
tt0212985,Hannibal,"Crime, Drama, Thriller"
tt0432047,Sarkar,"Crime, Drama"
tt5580036,"I, Tonya","Biography, Comedy, Drama"
tt3606756,Incredibles 2,"Animation, Action, Adventure"
tt1182345,Moon,"Drama, Mystery, Sci-Fi"
tt0488120,Fracture,"Crime, Drama, Thriller"
tt0361862,The Machinist,"Drama, Thriller"
tt1934231,Delhi Belly,"Action, Comedy, Crime"
tt0796302,The Babysitters,Drama
tt4154756,Avengers: Infinity War,"Action, Adventure, Sci-Fi"
tt3322420,Queen,"Adventure, Comedy, Drama"
tt0322330,Freaky Friday,"Comedy, Family, Fantasy"
tt0118689,Bean,"Adventure, Comedy, Family"
tt0452694,The Time Traveler's Wife,"Drama, Fantasy, Romance"
tt1041829,The Proposal,"Comedy, Drama, Romance"
tt0251127,How to Lose a Guy in 10 Days,"Comedy, Romance"
tt1365519,Tomb Raider,"Action, Adventure, Fantasy"
tt1843866,Captain America: The Winter Soldier,"Action, Adventure, Sci-Fi"
tt5580390,The Shape of Water,"Drama, Fantasy, Romance"
tt2704998,Game Night,"Action, Adventure, Comedy"
tt0473367,Jaane Tu... Ya Jaane Na,"Comedy, Drama, Romance"
tt0117381,Primal Fear,"Crime, Drama, Mystery"
tt2675978,Dedh Ishqiya,"Comedy, Drama, Romance"
tt0315642,Wazir,"Action, Crime, Drama"
tt4786824,The Crown,"Biography, Drama, History"
tt1954470,Gangs of Wasseypur,"Action, Comedy, Crime"
tt1340800,Tinker Tailor Soldier Spy,"Drama, Mystery, Thriller"
tt3040964,The Jungle Book,"Animation, Action, Adventure"
tt1840417,The Words,"Drama, Mystery, Romance"
tt1825683,Black Panther,"Action, Adventure, Sci-Fi"
tt1931533,Seven Psychopaths,"Comedy, Crime"
tt2015381,Guardians of the Galaxy,"Action, Adventure, Comedy"
tt0478970,Ant-Man,"Action, Comedy, Sci-Fi"
tt0317919,Mission: Impossible III,"Action, Adventure, Thriller"
tt0450259,Blood Diamond,"Adventure, Drama, Thriller"
tt0121766,Star Wars: Episode III - Revenge of the Sith,"Action, Adventure, Fantasy"
tt3890160,Baby Driver,"Action, Crime, Drama"
tt1959563,The Hitman's Bodyguard,"Action, Comedy, Crime"
tt0071562,The Godfather Part II,"Crime, Drama"
tt0378194,Kill Bill: Vol. 2,"Action, Crime, Thriller"
tt0266697,Kill Bill: Vol. 1,"Action, Crime, Thriller"
tt0317740,The Italian Job,"Action, Crime, Thriller"
tt1772288,Danny Collins,"Comedy, Drama, Music"
tt0496806,Ocean's Thirteen,"Crime, Thriller"
tt0434409,V for Vendetta,"Action, Drama, Sci-Fi"
tt1485796,The Greatest Showman,"Biography, Drama, Musical"
tt5294550,All the Money in the World,"Biography, Crime, Drama"
tt6272828,Mubarakan,"Comedy, Romance"
tt0259446,My Big Fat Greek Wedding,"Comedy, Drama, Romance"
tt2283362,Jumanji: Welcome to the Jungle,"Action, Adventure, Comedy"
tt2527336,Star Wars: Episode VIII - The Last Jedi,"Action, Adventure, Fantasy"
tt2488496,Star Wars: Episode VII - The Force Awakens,"Action, Adventure, Sci-Fi"
tt4574334,Stranger Things,"Drama, Fantasy, Horror"
tt5462602,The Big Sick,"Comedy, Drama, Romance"
tt2380307,Coco,"Animation, Adventure, Drama"
tt3682448,Bridge of Spies,"Drama, History, Thriller"
tt1386697,Suicide Squad,"Action, Adventure, Fantasy"
tt3531824,Nerve,"Adventure, Crime, Drama"
tt1954598,Ladies vs. Ricky Bahl,"Comedy, Crime, Drama"
tt3402236,Murder on the Orient Express,"Comedy, Crime, Drama"
tt3501632,Thor: Ragnarok,"Action, Adventure, Comedy"
tt0064757,On Her Majesty's Secret Service,"Action, Adventure, Thriller"
tt4276820,The Founder,"Biography, Drama"
tt1442550,Shark Tank,"Family, Game-Show, Reality-TV"
tt0287717,Spy Kids 2: Island of Lost Dreams,"Action, Adventure, Comedy"
tt3532216,American Made,"Action, Comedy, Crime"
tt0243155,Bridget Jones's Diary,"Comedy, Drama, Romance"
tt5816682,Victoria & Abdul,"Biography, Comedy, Drama"
tt4649466,Kingsman: The Golden Circle,"Action, Adventure, Comedy"
tt1937269,One Small Hitch,"Comedy, Romance"
tt6110504,Becoming Bond,"Documentary, Biography, Comedy"
tt0377092,Mean Girls,Comedy
tt2568862,Going in Style,"Comedy, Crime"
tt5439796,Logan Lucky,"Action, Comedy, Crime"
tt2406566,Atomic Blonde,"Action, Thriller"
tt2879552,11.22.63,"Drama, Mystery, Romance"
tt4116284,The Lego Batman Movie,"Animation, Action, Adventure"
tt2250912,Spider-Man: Homecoming,"Action, Adventure, Sci-Fi"
tt5420376,Riverdale,"Crime, Drama, Mystery"
tt0920464,Manorama: Six Feet Under,"Crime, Drama, Mystery"
tt5442430,Life,"Horror, Sci-Fi, Thriller"
tt0451279,Wonder Woman,"Action, Adventure, Fantasy"
tt5982852,Jolly LLB 2,"Comedy, Crime, Drama"
tt2369135,Need for Speed,"Action, Crime, Drama"
tt0209163,The Mummy Returns,"Action, Adventure, Fantasy"
tt0076759,Star Wars: Episode IV - A New Hope,"Action, Adventure, Fantasy"
tt0120915,Star Wars: Episode I - The Phantom Menace,"Action, Adventure, Fantasy"
tt0121765,Star Wars: Episode II - Attack of the Clones,"Action, Adventure, Fantasy"
tt1663202,The Revenant,"Adventure, Drama, Western"
tt3263904,Sully,"Biography, Drama, History"
tt4387040,Airlift,"Drama, History"
tt2621000,Jolly LLB,"Comedy, Crime, Drama"
tt1790809,Pirates of the Caribbean: Dead Men Tell No Tales,"Action, Adventure, Fantasy"
tt0072783,Chupke Chupke,"Comedy, Drama, Romance"
tt0244590,Kissise Na Kehna,"Comedy, Romance"
tt0244585,Khubsoorat,"Comedy, Drama, Family"
tt5764096,Hindi Medium,"Comedy, Drama"
tt0918940,The Legend of Tarzan,"Action, Adventure, Drama"
tt2582782,Hell or High Water,"Crime, Drama, Thriller"
tt2241351,Money Monster,"Action, Crime, Drama"
tt1447508,Peepli [Live],"Comedy, Drama"
tt4630562,The Fate of the Furious,"Action, Crime, Thriller"
tt0398165,The Longest Yard,"Comedy, Crime, Sport"
tt0829150,Dracula Untold,"Action, Drama, Fantasy"
tt3393786,Jack Reacher: Never Go Back,"Action, Thriller"
tt1504320,The King's Speech,"Biography, Drama, History"
tt0116151,Dunston Checks In,"Adventure, Comedy, Family"
tt0100405,Pretty Woman,"Comedy, Romance"
tt1980929,Begin Again,"Comedy, Drama, Music"
tt2404435,The Magnificent Seven,"Action, Adventure, Drama"
tt0101414,Beauty and the Beast,"Animation, Family, Fantasy"
tt2771200,Beauty and the Beast,"Adventure, Family, Fantasy"
tt0119567,The Lost World: Jurassic Park,"Action, Adventure, Sci-Fi"
tt0163025,Jurassic Park III,"Action, Adventure, Sci-Fi"
tt6277440,The Bride of Badrinath,"Comedy, Drama, Romance"
tt0068646,The Godfather,"Crime, Drama"
tt1430132,The Wolverine,"Action, Sci-Fi"
tt4425200,John Wick: Chapter 2,"Action, Crime, Thriller"
tt1034303,Defiance,"Action, Drama, History"
tt4846340,Hidden Figures,"Biography, Drama, History"
tt3741834,Lion,"Biography, Drama"
tt0382383,Yuva,"Action, Drama, Thriller"
tt5310090,Irudhi Suttru,"Drama, Sport"
tt0083658,Blade Runner,"Action, Drama, Sci-Fi"
tt4136084,Florence Foster Jenkins,"Biography, Comedy, Drama"
tt5165344,Rustom,"Crime, Drama, Thriller"
tt0349205,Cheaper by the Dozen,"Comedy, Family"
tt4434004,Udta Punjab,"Crime, Drama"
tt0095953,Rain Man,Drama
tt3495026,Fan,"Action, Drama, Thriller"
tt1475582,Sherlock,"Crime, Drama, Mystery"
tt0449088,Pirates of the Caribbean: At World's End,"Action, Adventure, Fantasy"
tt0079700,The Passage,"Action, Drama, War"
tt3631112,The Girl on the Train,"Crime, Drama, Mystery"
tt0208092,Snatch,"Comedy, Crime"
tt0099685,GoodFellas,"Biography, Crime, Drama"
tt0166924,Mulholland Drive,"Drama, Mystery, Thriller"
tt3521164,Moana,"Animation, Adventure, Comedy"
tt0167404,The Sixth Sense,"Drama, Mystery, Thriller"
tt0217869,Unbreakable,"Drama, Mystery, Sci-Fi"
tt1355644,Passengers,"Drama, Romance, Sci-Fi"
tt2556308,Holiday,"Action, Crime, Thriller"
tt3748528,Rogue One: A Star Wars Story,"Action, Adventure, Sci-Fi"
tt1690953,Despicable Me 2,"Animation, Adventure, Comedy"
tt3110958,Now You See Me 2,"Action, Adventure, Comedy"
tt2510894,Hotel Transylvania 2,"Animation, Adventure, Comedy"
tt0837562,Hotel Transylvania,"Animation, Comedy, Family"
tt0838221,The Darjeeling Limited,"Adventure, Comedy, Drama"
tt0378072,Hum Tum,"Comedy, Drama, Romance"
tt1628033,Top Gear,"Adventure, Comedy, Sport"
tt3183660,Fantastic Beasts and Where to Find Them,"Adventure, Family, Fantasy"
tt0887883,Burn After Reading,"Comedy, Crime, Drama"
tt2660888,Star Trek Beyond,"Action, Adventure, Sci-Fi"
tt2543164,Arrival,"Drama, Mystery, Sci-Fi"
tt1408101,Star Trek Into Darkness,"Action, Adventure, Sci-Fi"
tt0094525,Poirot,"Crime, Drama, Mystery"
tt0796366,Star Trek,"Action, Adventure, Sci-Fi"
tt0488414,Omkara,"Action, Crime, Drama"
tt0408839,The Heartbreak Kid,"Comedy, Romance"
tt2905838,Bang Bang,"Action, Adventure, Comedy"
tt1211837,Doctor Strange,"Action, Adventure, Fantasy"
tt3062096,Inferno,"Action, Adventure, Crime"
tt2707408,Narcos,"Biography, Crime, Drama"
tt2140479,The Accountant,"Action, Crime, Drama"
tt0292490,Dil Chahta Hai,"Comedy, Drama, Romance"
tt0092099,Top Gun,"Action, Drama"
tt0325980,Pirates of the Caribbean: The Curse of the Black Pearl,"Action, Adventure, Fantasy"
tt0250494,Legally Blonde,"Comedy, Romance"
tt2005151,War Dogs,"Biography, Comedy, Crime"
tt0320691,Underworld,"Action, Fantasy, Thriller"
tt0337563,13 Going on 30,"Comedy, Fantasy, Romance"
tt4651520,Bad Moms,Comedy
tt1323594,Despicable Me,"Animation, Adventure, Comedy"
tt0808146,American Pie Presents: The Naked Mile,Comedy
tt0903747,Breaking Bad,"Crime, Drama, Thriller"
tt1489889,Central Intelligence,"Action, Comedy, Crime"
tt2277860,Finding Dory,"Animation, Adventure, Comedy"
tt0472399,The Mechanic,"Action, Crime, Thriller"
tt2170439,Horrible Bosses 2,"Comedy, Crime"
tt1499658,Horrible Bosses,"Comedy, Crime"
tt0109831,Four Weddings and a Funeral,"Comedy, Drama, Romance"
tt2911666,John Wick,"Action, Crime, Thriller"
tt0081163,The Mirror Crack'd,"Crime, Mystery, Thriller"
tt2381111,Brooklyn,"Drama, Romance"
tt0097165,Dead Poets Society,"Comedy, Drama"
tt0119488,L.A. Confidential,"Crime, Drama, Mystery"
tt0108160,Sleepless in Seattle,"Comedy, Drama, Romance"
tt0086250,Scarface,"Crime, Drama"
tt0758774,Body of Lies,"Action, Drama, Thriller"
tt1860213,Dirty Grandpa,Comedy
tt2719848,Everest,"Adventure, Biography, Drama"
tt1355683,Black Mass,"Biography, Crime, Drama"
tt0119174,The Game,"Drama, Mystery, Thriller"
tt3203606,Trumbo,"Biography, Drama"
tt0110357,The Lion King,"Animation, Adventure, Drama"
tt0107048,Groundhog Day,"Comedy, Drama, Fantasy"
tt0104952,My Cousin Vinny,"Comedy, Crime"
tt0840361,The Town,"Crime, Drama, Thriller"
tt0118715,The Big Lebowski,"Comedy, Crime"
tt4934950,Guilty,"Crime, Drama, Mystery"
tt4900716,Kapoor & Sons,"Comedy, Drama, Family"
tt2884018,Macbeth,"Drama, History, War"
tt3447364,Detective Byomkesh Bakshy!,"Crime, Drama, Mystery"
tt1431045,Deadpool,"Action, Comedy, Sci-Fi"
tt0120815,Saving Private Ryan,"Drama, War"
tt0367110,Swades,"Drama, Musical"
tt0169547,American Beauty,Drama
tt2361509,The Intern,"Comedy, Drama"
tt3076658,Creed,"Action, Drama, Sport"
tt4110568,Dil Dhadakne Do,"Comedy, Drama, Romance"
tt3173910,Hasee Toh Phasee,"Comedy, Romance"
tt1185420,Dostana,"Comedy, Drama, Romance"
tt1231583,Due Date,"Comedy, Drama"
tt0105323,Scent of a Woman,Drama
tt2379713,Spectre,"Action, Adventure, Thriller"
tt0993846,The Wolf of Wall Street,"Biography, Comedy, Crime"
tt2820852,Furious 7,"Action, Thriller"
tt0061722,The Graduate,"Comedy, Drama, Romance"
tt0099423,Die Hard 2,"Action, Thriller"
tt0362227,The Terminal,"Comedy, Drama, Romance"
tt0087469,Indiana Jones and the Temple of Doom,"Action, Adventure"
tt0122690,Ronin,"Action, Crime, Thriller"
tt1325004,The Twilight Saga: Eclipse,"Action, Adventure, Drama"
tt0316654,Spider-Man 2,"Action, Adventure, Sci-Fi"
tt0295297,Harry Potter and the Chamber of Secrets,"Adventure, Family, Fantasy"
tt1790885,Zero Dark Thirty,"Drama, History, Thriller"
